<?xml version="1.0" encoding="UTF-8"?>
<!DOCTYPE struts-config PUBLIC "-//Apache Software Foundation//DTD Struts Configuration 1.1//EN" "http://jakarta.apache.org/struts/dtds/struts-config_1_2.dtd">
<struts-config>
	<data-sources />
	<form-beans>
		<form-bean name="actionForm"
			type="net.gencat.ctti.canigo.services.web.struts.SpringBindingActionForm"/>
	</form-beans>

	<global-exceptions />
	<global-forwards>
		<forward name="xml" path="pages.xml" />
		<forward name="reportsController" path="/view.report?contentType=pdf"/>
	</global-forwards>
	<action-mappings>
		<action path="/start" forward="/WEB-INF/jsp/start.jsp"/>			

		<!-- Generic Forward Action  -->
		<action path="/pagelogin" forward="/WEB-INF/jsp/login.jsp"/>

		<action path="/pagelogoff" forward="/WEB-INF/jsp/logoff.jsp"/>		

		<action path="/pageerror" forward="/WEB-INF/jsp/error.jsp"/>
		
		<action path="/categories" name="actionForm" scope="request" parameter="reqCode">
			<forward name="error" path="/WEB-INF/jsp/categories/categoryEdit.jsp" />
			<forward name="edit" path="/WEB-INF/jsp/categories/categoryEdit.jsp" />
			<forward name="create" path="/WEB-INF/jsp/categories/categoryEdit.jsp"/>
			<forward name="list" path="/WEB-INF/jsp/categories/categoryList.jsp" />
			<forward name="errorList" path="/WEB-INF/jsp/categories/categoryList.jsp" />
			<forward name="success" path="/categories.do?reqCode=search" redirect="true"/>
		</action>

		<action path="/llistaTraces" name="actionForm" scope="request" parameter="reqCode">		
			<forward name="error" path="/WEB-INF/jsp/traces/quickSearch.jsp" />
			<forward name="errorSearch" path="/WEB-INF/jsp/traces/quickSearch.jsp" />
			<forward name="choose" path="/WEB-INF/jsp/traces/quickSearch.jsp" />
			<forward name="list" path="/WEB-INF/jsp/traces/llistaTraces.jsp" />
		</action>		
	</action-mappings>
	<controller>
		<set-property property="processorClass"
			value="net.gencat.ctti.canigo.services.web.struts.ExtendedDelegatingSitemeshRequestProcessor"/>
	</controller>
	<message-resources parameter="i18n.applicationResources" null="false" />
			
	<plug-in className="org.springframework.web.struts.ContextLoaderPlugIn">
	  <set-property property="contextConfigLocation" value="/WEB-INF/classes/spring/action-servlet.xml"/> 
	</plug-in>
</struts-config>

