<?xml version="1.0" encoding="UTF-8"?>
<!DOCTYPE beans PUBLIC "-//SPRING//DTD BEAN//EN" "http://www.springframework.org/dtd/spring-beans.dtd">

<!--  applicationContextSecurityService.xml 
@TODO Rename configuration beans by Suffixing them with a Conf to make the code more readable
-->

<beans>
	
	<!-- Beans provided by the security service -->	
	<bean id="securityServiceBean" class="net.gencat.ctti.canigo.services.security.acegi.SecurityServiceAcegiImpl" />
	
	
	<!--  Refactor! Drop SecurityConfigurationFactory and use http://static.springframework.org/spring/docs/1.2.x/reference/beans.html#d0e2351
	 -->
	
	<!-- The factory bean so we can get the properties -->
	<bean id="securityConfigurationFactoryBean"
		class="net.gencat.ctti.canigo.services.security.SecurityConfigurationFactory"
		singleton="true">
				
		<property name="authenticationConfiguration">
			<ref bean="authenticationConfiguration" />
		</property>
		<property name="authorizationConfiguration">
			<ref bean="authorizationConfiguration" />
		</property>
	</bean>
	
	<!-- Authentication Configuration properties -->
	
	<bean id="loginFormUrl"
		factory-bean="securityConfigurationFactoryBean"
		factory-method="getLoginFormUrlValue">
	</bean>

	<bean id="authenticationFailureUrl"
		factory-bean="securityConfigurationFactoryBean"
		factory-method="getAuthenticationFailureUrlValue">
	</bean>
			
	<!-- Authorization Configuration properties -->
	
	<bean id="secureUrlsString"
		factory-bean="securityConfigurationFactoryBean"
		factory-method="getSecureUrls">
	</bean>
	
	<bean id="secureBusinessObjects"
		factory-bean="securityConfigurationFactoryBean"
		factory-method="getSecureBusinessObjects">
	</bean>
	
	<bean id="beanNamesPatternForMethodInvocationAOP"
		factory-bean="securityConfigurationFactoryBean"
		factory-method="getBeanNamesPatternForMethodInvocationAOP">
	</bean>
	
	<bean id="domainObjectsIdGettersConf"
		factory-bean="securityConfigurationFactoryBean"
		factory-method="getDomainObjectsIdGettersConf">
	</bean>

	<bean id="aclsClassesListConf"
		factory-bean="securityConfigurationFactoryBean"
		factory-method="getAclsClassesList">
	</bean>
				
	<import resource="authentication.xml" />
	<import resource="authorization.xml" />	
	<import resource="security-model-beans.xml" />

</beans>
