<?xml version="1.0" encoding="UTF-8"?>
<!DOCTYPE beans PUBLIC "-//SPRING//DTD BEAN//EN" "http://www.springframework.org/dtd/spring-beans.dtd">

<!-- authentication.xml -->

<beans>

	<!--  Main filter processed from web.xml -->
	<!--  Several filters can be configured for each pattern of url -->

	<!--                                /!\ Warning /!\ 
		The order of filters matters, httpSessionContextIntegrationFilter
		MUST be called FIRST because Acegi relies on the Spring Framework
		and the httpSessionContextIntegrationFilter stores in the ContextHolder all the Acegi´s informations
	-->
	<bean id="filterChainProxy"
		class="net.sf.acegisecurity.util.FilterChainProxy">
		<property name="filterInvocationDefinitionSource">
			<value>
				CONVERT_URL_TO_LOWERCASE_BEFORE_COMPARISON
				PATTERN_TYPE_APACHE_ANT
				/**=httpSessionContextIntegrationFilter,proxyAuthenticationProcessingFilter,anonymousProcessingFilter,securityEnforcementFilter
			</value>
		</property>
	</bean>

	<!--  Filter to store in ContextHolder information of Authentication needed by Acegi components -->
	<bean id="httpSessionContextIntegrationFilter"
		class="net.sf.acegisecurity.context.HttpSessionContextIntegrationFilter">
		<property name="context"
			value="net.sf.acegisecurity.context.SecurityContextImpl" />
	</bean>

	<!-- =================== SECURITY BEANS YOU WILL RARELY (IF EVER) CHANGE ================== -->
	<bean id="authenticationProvidersListConf" class="org.springframework.beans.factory.config.MethodInvokingFactoryBean">
  		<property name="targetObject"><ref bean="authenticationConfiguration"/></property>
		<property name="targetMethod"><value>getAuthenticationProvidersList</value></property>
	</bean>
	
	<bean id="authenticationFilterProcessesUrlConf" class="org.springframework.beans.factory.config.MethodInvokingFactoryBean">
  		<property name="targetObject"><ref bean="authenticationConfiguration"/></property>
		<property name="targetMethod"><value>getFilterProcessesUrl</value></property>
	</bean>
	
	<bean id="authenticationManager"
		class="net.gencat.ctti.canigo.services.security.acegi.providers.SequentialProviderManager">
		<property name="providers">
			<ref bean="authenticationProvidersListConf" />
		</property>
	</bean>

	<!-- GICAR authentication -->
	<bean id="siteminderAuthenticationProcessingFilter" class="net.sf.acegisecurity.ui.webapp.SiteminderAuthenticationProcessingFilter">
	  <property name="authenticationManager"><ref bean="authenticationManager"/></property>
	  <property name="authenticationFailureUrl"><ref bean="authenticationFailureUrl" /></property>
	  <property name="defaultTargetUrl"><value>/AppJava/</value></property>
	  <property name="filterProcessesUrl"><ref bean="authenticationFilterProcessesUrlConf" /></property>
	  <property name="siteminderUsernameHeaderKey"><value>GICAR</value></property>
	  <property name="siteminderPasswordHeaderKey"><value>GICAR</value></property>
	</bean>

	<bean id="proxyAuthenticationProcessingFilter"
		class="net.gencat.ctti.canigo.services.security.ProxyAuthenticationProcessingFilter">
		<property name="siteminderAuthenticationProcessingFilter">
			<ref bean="siteminderAuthenticationProcessingFilter"/>
		</property>
		<property name="authenticationManager">
			<ref bean="authenticationManager"/>
		</property>
		<property name="authenticationFailureUrl">
			<ref bean="authenticationFailureUrl" />
		</property>
		<property name="defaultTargetUrl">
			<value>/AppJava/</value>
		</property>
		<property name="filterProcessesUrl">
			<ref bean="authenticationFilterProcessesUrlConf" />
		</property>
		<property name="loginFormUrl">
			<ref bean="loginFormUrl" />
		</property>
	</bean>

	<bean id="securityEnforcementFilter"
		class="net.sf.acegisecurity.intercept.web.SecurityEnforcementFilter">
		<property name="filterSecurityInterceptor">
			<ref bean="filterInvocationInterceptor" />
		</property>
		<property name="authenticationEntryPoint">
			<ref local="authenticationProcessingFilterEntryPoint" />
		</property>
	</bean>

	<bean id="anonymousProcessingFilter"
		class="net.sf.acegisecurity.providers.anonymous.AnonymousProcessingFilter">
		<property name="key">
			<value>foobar</value>
		</property>
		<property name="userAttribute">
			<value>anonymousUser,ROLE_ANONYMOUS</value>
		</property>
	</bean>

	<bean id="authenticationProcessingFilterEntryPoint"
		class="net.sf.acegisecurity.ui.webapp.AuthenticationProcessingFilterEntryPoint">
		<property name="loginFormUrl">
			<ref bean="loginFormUrl" />
		</property>
		<property name="forceHttps">
			<value>false</value>
		</property>
	</bean>

	<!-- CACHE Configuration Beans -->

	<bean id="cacheManager"
		class="org.springframework.cache.ehcache.EhCacheManagerFactoryBean" />

	<bean id="userCacheBackend"
		class="org.springframework.cache.ehcache.EhCacheFactoryBean">
		<property name="cacheManager">
			<ref local="cacheManager" />
		</property>
		<property name="cacheName">
			<value>userCache</value>
		</property>
	</bean>

	<bean id="userCache"
		class="net.sf.acegisecurity.providers.dao.cache.EhCacheBasedUserCache">
		<property name="cache">
			<ref local="userCacheBackend" />
		</property>
	</bean>

	<bean id="httpRequestAccessDecisionManager"
		class="net.sf.acegisecurity.vote.AffirmativeBased">
		<property name="allowIfAllAbstainDecisions">
			<value>false</value>
		</property>
		<property name="decisionVoters">
			<list>
				<ref bean="roleVoter" />
			</list>
		</property>
	</bean>



</beans>






