<?xml version="1.0" encoding="UTF-8" ?>
<!DOCTYPE beans PUBLIC "-//SPRING//DTD BEAN//EN" "http://www.springframework.org/dtd/spring-beans.dtd">

<beans>
		
	<bean id="partyGroupDAO" class="net.gencat.ctti.canigo.services.security.model.dao.hibernate.PartyGroupHibernateImplDAO">
		<property name="sessionFactory" ref="sessionFactory" />
	</bean>
	
	<bean id="roleDAO" class="net.gencat.ctti.canigo.services.security.model.dao.hibernate.RoleHibernateImplDAO">
		<property name="sessionFactory" ref="sessionFactory" />
	</bean>
	
	<bean id="partyDAO" class="net.gencat.ctti.canigo.services.security.model.dao.hibernate.PartyHibernateImplDAO">
		<property name="sessionFactory" ref="sessionFactory" />
	</bean>	
	
	<bean id="userLoginDAO" class="net.gencat.ctti.canigo.services.security.model.dao.hibernate.UserLoginHibernateImplDAO">
		<property name="sessionFactory" ref="sessionFactory" />
	</bean>	
	
</beans>