<?xml version="1.0" encoding="UTF-8" ?>
<!DOCTYPE log4j:configuration PUBLIC "-//APACHE//DTD LOG4J//EN" "http://logging.apache.org/log4j/docs/api/org/apache/log4j/xml/log4j.dtd">

<log4j:configuration xmlns:log4j='http://jakarta.apache.org/log4j/' debug="true">


  <!-- Append log to the CONSOLE appender -->
  <appender name="console" class="org.apache.log4j.ConsoleAppender">
    <layout class="org.apache.log4j.PatternLayout">
      <param name="ConversionPattern" value="canigo Message: %d{dd MMM yyyy HH:mm:ss,SSS} %-5p [%t] %c - %m%n"/>
    </layout>
  </appender>
  <appender name="file" class="org.apache.log4j.RollingFileAppender">
    <param name="File" value="D:/petstore.log"/>
    <param name="Append" value="true"/>
    <param name="MaxFileSize" value="50KB"/>
    <layout class="org.apache.log4j.PatternLayout">
      <param name="ConversionPattern" value="canigo Message: %d{dd MMM yyyy HH:mm:ss,SSS} %-5p [%t] %c - %m%n"/>
    </layout>
  </appender>
  <appender name="fileXML" class="org.apache.log4j.DailyRollingFileAppender">
    <param name="DatePattern" value="'.'yyyyMMdd"/>
	<param name="File" value="d:/jPetstoreLog.xml"/>
    <param name="Append" value="true"/>
    <layout class="net.gencat.ctti.canigo.services.logging.log4j.xml.PatternXMLLayout">
		<param name="NodeName" value="registre"/>
		<param name="AttrValuePairDelim" value="="/> 
		<param name="AttrVarDelim" value=";"/> 
		<param name="AttrConversionPattern" value=""/> 
		<param name="NodesValuePairDelim" value="="/> 
		<param name="NodesVarDelim" value=";"/> 
		<param name="Eof" value="false"/> 
		<param name="CdataNodes" value="missatge"/> 
		<param name="NodesConversionPattern" value="data=%d{dd/MM/yyyy HH:mm:ss};errorType=0;aplicacio=$applicationName;logger=%F;nivell=%p;classe=%C{1};metode=%M;pid=%t;missatge=%m;userId=$username;pagOrigen=$requestURL" />
		<param name="Throwable" value="textException"/>
		<param name="ExceptionMaxLength" value="2048"/> 
    </layout>
  </appender>
  <category name="org.springframework">
  	<level value="error"/>
  </category>
  <category name="net.gencat.ctti">
  	<level value="info"/>
    <appender-ref ref="console"/>
 	<appender-ref ref="fileXML"/>
  </category>
  <category name="net.mlw">
	  <level value="info"/>
    <appender-ref ref="console"/>
    <appender-ref ref="fileXML"/>
  </category>
  <category name="org.hibernate">
	  <level value="info"/>
    <appender-ref ref="console"/>
    <appender-ref ref="fileXML"/>
  </category>
  <category name="net.sf.acegisecurity">
	  <level value="info"/>
    <appender-ref ref="console"/>
    <appender-ref ref="fileXML"/>
  </category>
  <root>
    <level value="error"/>
  </root>
</log4j:configuration>