<project name="canigo" xmlns:artifact="urn:maven-artifact-ant">
	<description>
	        description
	</description>

<!-- ================================= 
       target: init              
     ================================= -->
	<target name="init">
		<property environment="env" />

		<path id="maven-ant-tasks.classpath" path="${env.M2_REPO}/repository/org/apache/maven/maven-ant-tasks/2.0.7/maven-ant-tasks-2.0.7.jar" />
		<typedef resource="org/apache/maven/artifact/ant/antlib.xml" uri="urn:maven-artifact-ant"
			classpathref="maven-ant-tasks.classpath" />

		<artifact:pom id="maven.project" file="pom.xml" />
		<artifact:dependencies filesetId="dependency.fileset" >
			<pom refid="maven.project"/>
		</artifact:dependencies>
	</target>

<!-- ================================= 
       target: refresh-webapp              
     ================================= -->
	<target name="refresh-webapp" description="" depends="init,refresh-libs">
		<!-- AspectWerkz -->
		<path id="project.class.path"> 
			<pathelement path="${basedir}"/>
		</path>
		<path id="dependency.class.path"> 
			<fileset refid="dependency.fileset"/>
		</path>

		<taskdef name="awc" 
		         classname="org.codehaus.aspectwerkz.compiler.AspectWerkzCTask" 
		         classpathref="dependency.class.path" />

		<awc
		    verbose="true"
		    definition="${basedir}/src/main/resources/aop.xml"
		    classpathref="project.class.path" targetdir="${basedir}/.deployables/${maven.project.artifactId}/WEB-INF/classes">

		</awc>

		<!-- WEB-INF/lib -->
	</target>

<!-- ================================= 
      target: refresh-libs              
     ================================= -->
	<target name="refresh-libs" depends="init">
		<delete failonerror="false">
	    	<fileset dir=".deployables/${maven.project.artifactId}/WEB-INF/lib"/>
	  	</delete>

		<copy todir=".deployables/${maven.project.artifactId}/WEB-INF/lib">
			<fileset refid="dependency.fileset" />
			<mapper type="flatten"/>
		</copy>

	</target>


<!-- ================================= 
      target: deploy.j2ee.ctti.weblogic.static
     ================================= -->
	<target name="deploy.j2ee.ctti.weblogic.static" depends="init">

		<delete failonerror="false" file="${basedir}/target/${maven.project.artifactId}-static.zip"/>
		<mkdir dir="${basedir}/target/ear/weblogic" />
		<jar destfile="${basedir}/target/ear/weblogic/${maven.project.artifactId}-static.zip"> 
			<zipfileset dir="${basedir}\.deployables\${maven.project.artifactId}">
	        	<include name="css/**/*.*"/>
	        	<include name="images/**/*.*"/>
	        	<include name="scripts/**/*.*"/>
	        	<include name="config/**/*.*"/>
	        	<include name="**/*.html"/>
	        	<include name="**/*.htm"/>
	       		<exclude name="**/jsp_servlet/*.class"/>
				<exclude name="**/*.war"/>
			</zipfileset>
			<zipfileset dir="${basedir}\src\main\webapp">
	        	<include name="css/**/*.*"/>
	        	<include name="images/**/*.*"/>
	        	<include name="scripts/**/*.*"/>
	        	<include name="config/**/*.*"/>
	        	<include name="**/*.html"/>
	        	<include name="**/*.htm"/>
	       		<exclude name="**/jsp_servlet/*.class"/>
				<exclude name="**/*.war"/>
			</zipfileset>
		</jar>
	</target>

<!-- ================================= 
      target: deploy.j2ee.ctti.weblogic.dynamic
     ================================= -->
	<target name="deploy.j2ee.ctti.weblogic.dynamic" depends="init">

		<delete failonerror="false" file="${basedir}/target/${maven.project.artifactId}.war"/>
		<mkdir dir="${basedir}/target/ear/weblogic" />
		<jar destfile="${basedir}/target/ear/weblogic/${maven.project.artifactId}.war"> 
			<zipfileset dir="${basedir}\.deployables\${maven.project.artifactId}">
	        	<include name="WEB-INF/**/*.*"/>
	        	<include name="**/*.jsp"/>
	        	<exclude name="css/**/*.*"/>
	        	<exclude name="images/**/*.*"/>
	        	<exclude name="scripts/**/*.*"/>       	
	        	<exclude name="config/**/*.*"/>       	
	        	<exclude name="**/*.html"/>       	
	        	<exclude name="**/*.htm"/>       	
	       		<exclude name="**/jsp_servlet/*.class"/>
				<exclude name="**/*.war"/>
			</zipfileset>
			<zipfileset dir="${basedir}\src\main\webapp">
	        	<include name="WEB-INF/**/*.*"/>
	        	<include name="**/*.jsp"/>
	        	<exclude name="css/**/*.*"/>
	        	<exclude name="images/**/*.*"/>
	        	<exclude name="scripts/**/*.*"/>       	
	        	<exclude name="config/**/*.*"/>       	
	        	<exclude name="**/*.html"/>       	
	        	<exclude name="**/*.htm"/>       	
	       		<exclude name="**/jsp_servlet/*.class"/>
				<exclude name="**/*.war"/>
			</zipfileset>
		</jar>
	</target>
</project>