<pluginMetadata>
  <mojos>
    <mojo>
      <goal>refresh-webapp</goal>
      <call>refresh-webapp</call>
      <description>
		Aspectwerkz + refresh-libs
      </description>
    </mojo>
    <mojo>
      <goal>refresh-libs</goal>
      <call>refresh-libs</call>
      <description>
		Copia las librerias de las dependencias en WEB-INF/lib
      </description>
    </mojo>
    <mojo>
      <goal>deploy.j2ee.ctti.weblogic.static</goal>
      <call>deploy.j2ee.ctti.weblogic.static</call>
      <description>
		Separa contenido estatico
      </description>
    </mojo>
    <mojo>
      <goal>deploy.j2ee.ctti.weblogic.dynamic</goal>
      <call>deploy.j2ee.ctti.weblogic.dynamic</call>
      <description>
		Separa contenido dinamico
      </description>
    </mojo>
  </mojos>
</pluginMetadata>