<?xml version="1.0" encoding="ISO-8859-1" ?>

<!DOCTYPE tiles-definitions PUBLIC
       "-//Apache Software Foundation//DTD Tiles Configuration 1.1//EN"
       "http://jakarta.apache.org/struts/dtds/tiles-config_1_1.dtd">

<tiles-definitions>
	<definition name="pages.start"
		extends="site.mainLayoutPlantilla">
		<put name="title" value="Inici"  direct="true"/>
		<put name="ariadna" value="/WEB-INF/jsp/includes/ariadna.jsp"/>
		<put name="body" value="/WEB-INF/jsp/start.jsp" />
	</definition>

	<definition name="pages.xml"
		extends="site.mainLayoutPlantilla">
		<put name="title" value="Start"  direct="true"/>
		<put name="right" value="/WEB-INF/jsp/includes/right.jsp" />
		<put name="body" value="/WEB-INF/jsp/includes/blank.jsp" />
	</definition>
	<definition name="pages.serialization"
		extends="site.mainLayoutPlantilla">
		<put name="title" value="Start"  direct="true"/>
		<put name="right" value="/WEB-INF/jsp/includes/right.jsp" />
		<put name="body" value="/WEB-INF/jsp/serialization.jsp" />
	</definition>
	<definition name="pages.ole"
		extends="site.mainLayoutPlantilla">
		<put name="title" value="Start"  direct="true"/>
		<put name="right" value="/WEB-INF/jsp/includes/right.jsp" />
		<put name="body" value="/WEB-INF/jsp/ole.jsp" />
	</definition>
	
	<!--  === Securities Pages Definition === -->
	<!--  === LOGIN Page === -->	
	<definition name="pages.login" path="/WEB-INF/jsp/login.jsp">
		<put name="footer" value="/WEB-INF/jsp/includes/footer.jsp" />
	</definition>
	<definition name="pages.logoff"
		extends="site.mainLayoutPlantilla">
		<put name="title" value="Sortida"  direct="true"/>
		<put name="body" value="/WEB-INF/jsp/logoff.jsp" />
	</definition>

	<!--  === ERROR Page (HTTP 403) === -->
	<definition name="pages.error"
		extends="site.mainLayoutPlantilla">
		<put name="title" value="Inici"  direct="true"/>
		<put name="body" value="/WEB-INF/jsp/error.jsp" />
	</definition>
		
	<!-- ****************************************************************** -->
	<!-- Paginas de Mantenimento de CATEGORIES   					  		  -->
	<!-- ****************************************************************** -->
	<definition name="pages.categories"
		extends="site.mainLayoutPlantilla">
		<put name="title" value="Categories"  direct="true"/>
		<put name="ariadna" value="/WEB-INF/jsp/categories/categoryListMenu.jsp" />
		<put name="bodyHeader" value="/WEB-INF/jsp/categories/categoryHeader.jsp" />
		<put name="body" value="pages.categories.bodyLlista" />
	</definition>
	<definition name="pages.categories.bodyLlista" path="/WEB-INF/jsp/layouts/form-llista.jsp">
		<put name="form" value="/WEB-INF/jsp/categories/categoryListQuickSearch.jsp" />
		<put name="llista" value="/WEB-INF/jsp/categories/categoryList.jsp" />
	</definition>
	
	<definition name="pages.categoryEdit"
		extends="site.mainLayoutPlantilla">
		<put name="title" value="Categories"  direct="true"/>
		<put name="ariadna" value="/WEB-INF/jsp/categories/categoryMenu.jsp" />
		<put name="bodyHeader" value="/WEB-INF/jsp/categories/categoryEditHeader.jsp" />
		<put name="body" value="/WEB-INF/jsp/categories/categoryEdit.jsp" />
	</definition>

	
	<!-- ****************************************************************** -->
	<!-- Llistes de traces              	    					  		  -->
	<!-- ****************************************************************** -->
	<definition name="pages.admin.traces.choose"
		extends="site.mainLayoutPlantilla">
		<put name="title" value="Monitoritzaci� de traces" direct="true"/>
		<put name="ariadna" value="/WEB-INF/jsp/traces/ariadnaTraces.jsp" />
		<put name="bodyHeader" value="/WEB-INF/jsp/traces/llistaHeader.jsp"/>
		<put name="body" value="/WEB-INF/jsp/traces/quickSearch.jsp" />
	</definition>
	
	<definition name="pages.traces.bodyLlista" path="/WEB-INF/jsp/layouts/form-llista.jsp">
		<put name="form" value="/WEB-INF/jsp/traces/quickSearch.jsp" />
		<put name="llista" value="/WEB-INF/jsp/traces/llistaTraces.jsp" />
	</definition>
	
	<definition name="pages.admin.traces.list"
		extends="site.mainLayoutPlantilla">
		<put name="title" value="Monitoritzaci� de traces" direct="true"/>
		<put name="ariadna" value="/WEB-INF/jsp/traces/ariadnaTraces.jsp" />
		<put name="bodyHeader" value="/WEB-INF/jsp/traces/llistaHeader.jsp"/>	
		<put name="body" value="pages.traces.bodyLlista" />
	</definition>
</tiles-definitions>
