<?xml version="1.0" encoding="UTF-8"?>
<!DOCTYPE beans PUBLIC "-//SPRING//DTD BEAN//EN" "http://www.springframework.org/dtd/spring-beans.dtd">

<!--
	- authorization.xml
	-
	- Application context containing authentication beans.
	-
-->

<beans>

	<!-- ================= SECURED URLS DEFINITION  ==================== -->

	<!-- Note the order that entries are placed against the objectDefinitionSource is critical.
		The FilterSecurityInterceptor will work from the top of the list down to the FIRST pattern that matches the request URL.
		Accordingly, you should place MOST SPECIFIC (ie a/b/c/d.*) expressions first, with LEAST SPECIFIC (ie a/.*) expressions last -->

	<bean id="filterInvocationInterceptor"
		class="net.sf.acegisecurity.intercept.web.FilterSecurityInterceptor">
		<property name="authenticationManager">
			<ref bean="authenticationManager" />
		</property>
		<property name="accessDecisionManager">
			<ref bean="httpRequestAccessDecisionManager" />
		</property>
		<property name="objectDefinitionSource">
			<ref bean="secureUrlsString" />
		</property>
		<property name="validateConfigAttributes" value="false" />
	</bean>

	<!-- Authorization Configuration Beans -->

	<bean id="roleVoter" class="net.sf.acegisecurity.vote.RoleVoter" />


	<!-- ================= METHOD INVOCATION AUTHORIZATION ==================== -->

	<bean id="methodSecurityInterceptor"
		class="net.sf.acegisecurity.intercept.method.aopalliance.MethodSecurityInterceptor">
		<property name="authenticationManager">
			<ref bean="authenticationManager" />
		</property>
		<property name="accessDecisionManager">
			<ref bean="httpRequestAccessDecisionManager" />
		</property>
		<property name="afterInvocationManager">
			<ref local="afterInvocationManager" />
		</property>
		<property name="objectDefinitionSource">
			<ref bean="secureBusinessObjects" />
		</property>
	</bean>

	<!-- This bean will create an interceptor (AOP aspect) for each bean whose name ends with Service
		Should it be a parameter 
	-->
	<bean id="autoProxyCreator"
		class="org.springframework.aop.framework.autoproxy.BeanNameAutoProxyCreator">
		<property name="interceptorNames">
			<list>
				<value>methodSecurityInterceptor</value>
			</list>
		</property>
		<property name="beanNames">
			<ref bean="beanNamesPatternForMethodInvocationAOP" />
		</property>

	</bean>

	<!-- ========= ACCESS CONTROL LIST LOOKUP MANAGER DEFINITIONS ========= -->

	<!-- ACLs Permission masks used  ==================== -->

	<bean id="net.sf.acegisecurity.acl.basic.SimpleAclEntry.WRITE"
		class="org.springframework.beans.factory.config.FieldRetrievingFactoryBean">
		<property name="staticField">
			<value>
				net.sf.acegisecurity.acl.basic.SimpleAclEntry.WRITE
			</value>
		</property>
	</bean>
	<bean id="net.sf.acegisecurity.acl.basic.SimpleAclEntry.READ"
		class="org.springframework.beans.factory.config.FieldRetrievingFactoryBean">
		<property name="staticField">
			<value>
				net.sf.acegisecurity.acl.basic.SimpleAclEntry.READ
			</value>
		</property>
	</bean>
	<bean id="net.sf.acegisecurity.acl.basic.SimpleAclEntry.DELETE"
		class="org.springframework.beans.factory.config.FieldRetrievingFactoryBean">
		<property name="staticField">
			<value>
				net.sf.acegisecurity.acl.basic.SimpleAclEntry.DELETE
			</value>
		</property>
	</bean>

	<bean id="net.sf.acegisecurity.acl.basic.SimpleAclEntry.CREATE"
		class="org.springframework.beans.factory.config.FieldRetrievingFactoryBean">
		<property name="staticField">
			<value>
				net.sf.acegisecurity.acl.basic.SimpleAclEntry.CREATE
			</value>
		</property>
	</bean>

	<!-- ACLs Beans  ==================== -->
	<bean id="aclManager"
		class="net.sf.acegisecurity.acl.AclProviderManager">
		<property name="providers">
			<list>
				<ref local="basicAclProvider" />
			</list>
		</property>
	</bean>

	<bean id="basicAclProvider"
		class="net.gencat.ctti.canigo.services.security.acegi.AclProviderWithIdRegistration">
		<property name="basicAclDao">
			<ref local="basicAclExtendedDao" />
		</property>
		<property name="configurationDomainObjectsIdGetters">
			<ref bean="domainObjectsIdGettersConf" />
		</property>
	</bean>

	<bean id="securityDao"
		class="net.gencat.ctti.canigo.services.security.acegi.persistence.support.ACLsDAOSpringImpl">
		<property name="aclProvider">
			<ref local="basicAclProvider" />
		</property>
		<property name="dataSource">
			<ref bean="dataSource" />
		</property>
	</bean>

	<bean id="basicAclExtendedDao"
		class="net.sf.acegisecurity.acl.basic.jdbc.JdbcExtendedDaoImpl">
		<property name="dataSource">
			<ref bean="dataSource" />
		</property>
		<property name="objectPropertiesQuery">
			<value>
				SELECT CHILD.ID, CHILD.OBJECT_IDENTITY, CHILD.ACL_CLASS,
				PARENT.OBJECT_IDENTITY PARENT_OBJECT_IDENTITY FROM
				acl_object_identity CHILD LEFT OUTER JOIN
				acl_object_identity PARENT ON
				CHILD.parent_object=PARENT.id WHERE
				CHILD.object_identity = ?
			</value>
		</property>

	</bean>


	<!-- ============== "AFTER INTERCEPTION" AUTHORIZATION DEFINITIONS =========== -->

	<bean id="afterInvocationManager"
		class="net.sf.acegisecurity.afterinvocation.AfterInvocationProviderManager">
		<property name="providers">
			<list>
				<ref local="afterAclRead" />
				<ref local="afterAclCollectionRead" />
			</list>
		</property>
	</bean>

	<!-- Processes AFTER_ACL_COLLECTION_READ configuration settings -->
	<bean id="afterAclCollectionRead"
		class="net.gencat.ctti.canigo.services.security.acegi.afterinvocation.ValueListFilteringProvider">
		<property name="aclManager">
			<ref local="aclManager" />
		</property>
		<property name="aclsClassesList">
			<ref bean="aclsClassesListConf" />
		</property>
		<property name="requirePermission">
			<list>
				<ref
					local="net.sf.acegisecurity.acl.basic.SimpleAclEntry.READ" />
			</list>
		</property>
	</bean>

	<!-- Processes AFTER_ACL_READ configuration settings -->
	<bean id="afterAclRead"
		class="net.sf.acegisecurity.afterinvocation.BasicAclEntryAfterInvocationProvider">
		<property name="aclManager">
			<ref local="aclManager" />
		</property>
		<property name="requirePermission">
			<list>
				<ref
					local="net.sf.acegisecurity.acl.basic.SimpleAclEntry.WRITE" />
				<ref
					local="net.sf.acegisecurity.acl.basic.SimpleAclEntry.READ" />
				<ref
					local="net.sf.acegisecurity.acl.basic.SimpleAclEntry.DELETE" />
				<ref
					local="net.sf.acegisecurity.acl.basic.SimpleAclEntry.CREATE" />
			</list>
		</property>
	</bean>

</beans>