<?xml version="1.0" encoding="UTF-8" ?>
<!DOCTYPE beans PUBLIC "-//SPRING//DTD BEAN//EN" "http://www.springframework.org/dtd/spring-beans.dtd">
<beans>
	<bean id="urlMapping"
		class="org.springframework.web.servlet.handler.SimpleUrlHandlerMapping">
		<property name="interceptors">
			<list>
				<ref bean="openSessionInViewInterceptor" />
				<ref bean="exportInterceptor" />
			</list>
		</property>
		<property name="mappings">
			<props>
				<prop key="/**/*.do">strutsWrappingController</prop>
				<prop key="/**/pdfView.pdf">pdfController</prop>
				<prop key="/**/xmlView.xml">xmlController</prop>
				<prop key="/**/excelView.xls">excelController</prop>
				<prop key="/**/ole.doc">oleController</prop>
				<prop key="/**/ole.xls">oleController</prop>
				<prop key="/**/view.report">reportsController</prop>
			</props>
		</property>
	</bean>

	<bean id="strutsWrappingController"
		class="org.springframework.web.servlet.mvc.ServletWrappingController">
		<property name="servletClass">
			<value>org.apache.struts.action.ActionServlet</value>
		</property>
		<property name="servletName">
			<value>action</value>
		</property>
		<property name="initParameters">
			<props>
				<prop key="config">
					/WEB-INF/classes/struts/struts-config.xml
				</prop>
			</props>
		</property>
	</bean>

 
	<bean id="pdfController"
		class="net.gencat.ctti.canigo.services.web.spring.view.document.ValueListPdfController" />
	<bean id="xmlController"
		class="net.gencat.ctti.canigo.samples.prototip.web.spring.view.document.XMLController" />
	<bean id="excelController"
		class="net.gencat.ctti.canigo.services.web.spring.view.document.ValueListExcelController" />
	<bean id="oleController"
		class="net.gencat.ctti.canigo.services.ole.OleController" />
	<bean id="reportsController"
		class="net.gencat.ctti.canigo.services.reporting.ReportingController" />

	<bean name="openSessionInViewInterceptor"
		class="org.springframework.orm.hibernate3.support.OpenSessionInViewInterceptor">
		<property name="sessionFactory" >
			<ref bean="sessionFactory" />
		</property>
	</bean>
	<bean id="exportInterceptor"
		class="net.gencat.ctti.canigo.services.web.spring.BufferedResponseSpringInterceptor">
		<property name="redirections">
			<map>
				<entry key="/**/*searchExportPDF*" value="/pdfView.pdf" />
				<entry key="/**/*searchExportXML*" value="/xmlView.xml" />
				<entry key="/**/*searchExportExcel*" value="/excelView.xls" />
			</map>
		</property>
	</bean>


</beans>
