<?xml version="1.0"?>
<!DOCTYPE hibernate-mapping PUBLIC
	"-//Hibernate/Hibernate Mapping DTD//EN"
	"http://hibernate.sourceforge.net/hibernate-mapping-3.0.dtd" >

<hibernate-mapping package="net.gencat.ctti.canigo.services.security.model">
	<class
		name="PartyGroup"
		table="PARTY_GROUP"
	>
	    
    <id
			name="id"
			type="integer"
			column="PARTY_ID"
	>
			<generator class="sequence">
				<param name="sequence">PARTY_OBJECT_SEQ</param>
			</generator>
	</id>


    <property name="name" type="string" column="GROUP_NAME"
                           length="255" not-null="true"/>

	<many-to-one
                name="parent"
                column="GROUP_PARENT_ID"
                class="PartyGroup"
                not-null="false" 
                lazy="false"
    />

	<set
                name="roles"
    			      table="GROUP_ROLE"
    			      lazy="false"
    			      access="field"
                cascade="none">
    
                <key>
                    <column name="party_ID"/>
                </key>
                <many-to-many class="Role" lazy="false"
                              column="role_id" />
                               
    </set>


	</class>	
</hibernate-mapping>