<?xml version="1.0"?>
<!DOCTYPE hibernate-mapping PUBLIC
	"-//Hibernate/Hibernate Mapping DTD//EN"
	"http://hibernate.sourceforge.net/hibernate-mapping-3.0.dtd" >

<hibernate-mapping package="net.gencat.ctti.canigo.services.security.model">
	<class
		name="UserLogin"
		table="USER_LOGIN"
	>
	
	<id name="userName" type="string" column="USER_LOGIN_ID" length="50">
		<generator class="assigned"/>
	</id>	
					
    <property name="password" type="string" column="PASSWORD"
                           length="50" not-null="true"/>

	<many-to-one name="group"
		class="PartyGroup"
		column="PARTY_ID" 
		lazy="false"
	/>

    <set
                name="roles"
    			      table="party_role"
    			      lazy="false"
    			      access="field"
                cascade="none">
    
                <key>
                    <column name="USER_LOGIN_ID"/>
                </key>
                <many-to-many class="Role" lazy="false"
                              column="role_id" />
                               
    </set>

	<!--
	<set
                name="groups"
    			      table="party_relationship"
    			      lazy="false"
    			      access="field"
                cascade="none">
    
                <key>
                    <column name="party_id_from"/>
                </key>
                <many-to-many class="PartyGroup" 
                              column="party_id_to" />
                               
    </set>
    -->

	</class>	
</hibernate-mapping>