<?xml version="1.0" encoding="utf-8"?>
<!DOCTYPE hibernate-configuration PUBLIC "-//Hibernate/Hibernate Configuration DTD//EN"
	"http://hibernate.sourceforge.net/hibernate-configuration-3.0.dtd">


<hibernate-configuration>
	<session-factory>
		<!-- local connection properties -->
		<!-- Tomcat -->
		<property name="hibernate.connection.datasource">java:comp/env/formacioDS</property>
		<!-- Weblogic
		<property name="hibernate.connection.datasource">jdbc/formacioDS</property>
		-->
		<!-- dialect for Oracle -->
		<property name="dialect">org.hibernate.dialect.Oracle9Dialect</property>
		<property name="hibernate.show_sql">false</property>
		<property name="hibernate.jdbc.use_scrollable_resultset">true</property>
		<property name="hibernate.transaction.factory_class">org.hibernate.transaction.JDBCTransactionFactory</property>
		<mapping resource="hibernate/mappings/Category.hbm.xml" />
		<mapping resource="hibernate/mappings/Item.hbm.xml" />
		<mapping resource="hibernate/mappings/Product.hbm.xml" />
		<mapping resource="hibernate/mappings/Supplier.hbm.xml" />
		<mapping resource="hibernate/mappings/Account.hbm.xml" />
		<mapping resource="hibernate/mappings/Mail.hbm.xml" />
		<mapping resource="hibernate/mappings/UserLogin.hbm.xml" />
		<mapping resource="hibernate/mappings/PartyGroup.hbm.xml" />
		<mapping resource="hibernate/mappings/Role.hbm.xml" />
		
	</session-factory>
</hibernate-configuration>
