<?xml version="1.0" encoding="UTF-8" ?>
<!DOCTYPE beans PUBLIC "-//SPRING//DTD BEAN//EN" "http://www.springframework.org/dtd/spring-beans.dtd">

<beans>
	<bean id="loggingConfigurator"
		class="net.gencat.ctti.canigo.services.logging.log4j.xml.HostDOMConfigurator">
		<property name="configFileName" value="classpath:log4j/log4j.xml">
		</property>
	</bean>
	<bean id="loggingService"
		class="net.gencat.ctti.canigo.services.logging.log4j.Log4JServiceImpl"
		init-method="init">
		<property name="configurator">
			<ref local="loggingConfigurator" />
		</property>
	</bean>
</beans>