<?xml version="1.0" encoding="UTF-8" ?>
<!DOCTYPE beans PUBLIC "-//SPRING//DTD BEAN//EN" "http://www.springframework.org/dtd/spring-beans.dtd">

<beans>
	<bean id="defaultLocale" class="java.util.Locale">
		<constructor-arg type="java.lang.String"><value>es</value></constructor-arg>
	</bean>
	<bean id="i18nService"
		class="net.gencat.ctti.canigo.services.i18n.impl.SpringI18nServiceImpl">
		<property name="messageSource" ref="messageSource"/>
		<property name="defaultLocale" ref="defaultLocale"/>
	</bean>
	<bean id="messageSource"
		class="org.springframework.context.support.ResourceBundleMessageSource">
		<property name="basenames">
			<list>
				<value>i18n/applicationResources</value>
			</list>
		</property>
	</bean>
</beans>