<?xml version="1.0" encoding="UTF-8" ?>
<!DOCTYPE beans PUBLIC "-//SPRING//DTD BEAN//EN" "http://www.springframework.org/dtd/spring-beans.dtd">

<beans>

	<bean id="multipartResolver"
		class="net.gencat.ctti.canigo.services.fileupload.impl.WrappedMultipartResolver">
	</bean>
	
	<bean id="uploadResolver" class="org.springframework.web.multipart.commons.CommonsMultipartResolver">
		<property name="defaultEncoding" value="${uploadResolver.defaultEncoding}"/>
	</bean>
	
	<bean id="fileUploadService"
		class="net.gencat.ctti.canigo.services.fileupload.impl.FileUploadServiceImpl">
		<property name="logService" ref="loggingService"/>
		<property name="resolver" ref="uploadResolver"/>
	</bean>
</beans>