<?xml version="1.0" encoding="UTF-8"?>
<project>
    <pomVersion>3</pomVersion>
    <artifactId>canigo-env</artifactId>
    <groupId>canigo-env</groupId>
	<build>
		<sourceDirectory>src/main/java</sourceDirectory>

		<resources>
			<resource>
				<directory>src/main/resources</directory>
			</resource>
		</resources>

		<unitTestSourceDirectory>src/test/java</unitTestSourceDirectory>
		<unitTest>
			<includes>
				<include>**/*Test.java</include>
			</includes>
			
			<!--  Exclude the JWebUnit tests which require a J2EE webapp container (waiting for Jetty / Cactus / Cargo !)-->
			<excludes>
				<exclude>**/*WebTest.java</exclude>
				<exclude>**/*IntegrationTest.java</exclude>
			</excludes>

			<resources>
				<!-- Resource folder containing lo4j configuration, log4j.properties must be in the classpath -->
				<resource>
					<directory>src/test/resources</directory>
				</resource>
			</resources>

		</unitTest>
	</build>
<dependencies>
    
		<dependency>
			<groupId>json</groupId>
			<artifactId>json-lib</artifactId>
			<version>0.6</version>
			<type>jar</type>
			<properties>
				<war.bundle>true</war.bundle>
			</properties>
		</dependency>    
		<dependency>
			<groupId>ognl</groupId>
			<artifactId>ognl</artifactId>
			<version>2.6.9</version>
			<type>jar</type>
			<properties>
				<war.bundle>true</war.bundle>
			</properties>
		</dependency>
		<dependency>
			<groupId>xpp3</groupId>
			<artifactId>xpp3</artifactId>
			<version>1.1.3_8</version>
			<properties>
				<war.bundle>true</war.bundle>
			</properties>
		</dependency>			
        <dependency>
            <groupId>eclipse</groupId>
            <artifactId>jdtcore</artifactId>
            <version>3.1.0</version>
            <type>jar</type>
            <properties>
                <war.bundle>true</war.bundle>
            </properties>
        </dependency>
		<dependency>
			<groupId>quartz</groupId>
			<artifactId>quartz</artifactId>
			<version>1.4.0</version>
			<properties>
				<war.bundle>true</war.bundle>
			</properties>
		</dependency>
		<dependency>
			<groupId>commons-io</groupId>
			<artifactId>commons-io</artifactId>
			<version>1.1</version>
			<properties>
				<war.bundle>true</war.bundle>
			</properties>
		</dependency>
		<dependency>
			<groupId>commons-fileupload</groupId>
			<artifactId>commons-fileupload</artifactId>
			<version>1.2</version>
			<url>http://jakarta.apache.org/commons</url>
			<properties>
				<jar.manifest.classpath>true</jar.manifest.classpath>
				<war.bundle>true</war.bundle>
			</properties>
		</dependency>
		<dependency>
			<groupId>org.springframework</groupId>
			<artifactId>spring</artifactId>
			<version>${version.spring}</version>
			<type>jar</type>
			<url>http://www.springframework.org</url>
			<properties>
				<war.bundle>true</war.bundle>
			</properties>
		</dependency>


		<!-- common jar dependencies -->
		<dependency>
			<groupId>log4j</groupId>
			<artifactId>log4j</artifactId>
			<version>1.2.12</version>
			<type>jar</type>
			<properties>
				<war.bundle>true</war.bundle>
			</properties>
		</dependency>
		<dependency>
			<groupId>commons-logging</groupId>
			<artifactId>commons-logging</artifactId>
			<version>1.0.4</version>
			<type>jar</type>
			<url>http://jakarta.apache.org/commons</url>
			<properties>
				<war.bundle>true</war.bundle>
			</properties>
		</dependency>


		<!-- common TESTS dependencies -->

		<dependency>
			<groupId>junit</groupId>
			<artifactId>junit</artifactId>
			<version>3.8.1</version>
			<type>jar</type>
		</dependency>
        <dependency>
            <groupId>hsqldb</groupId>
            <artifactId>hsqldb</artifactId>
            <version>1.8.0.1</version>
            <type>jar</type>
            <properties>
                <war.bundle>true</war.bundle>
            </properties>
        </dependency>
        <dependency>
            <groupId>oracle</groupId>
            <artifactId>ojdbc14_g</artifactId>
            <version>10.2.0.1.0</version>
            <type>jar</type>
            <properties>
                <war.bundle>true</war.bundle>
            </properties>
        </dependency>
		<!--  Dependencies J2EE -->
		<dependency>
			<groupId>servletapi</groupId>
			<artifactId>servletapi</artifactId>
			<version>2.4</version>
			<type>jar</type>
			<properties>
				<war.bundle>false</war.bundle>
			</properties>
		</dependency>
		
		<dependency>
			<groupId>jspapi</groupId>
			<artifactId>jsp-api</artifactId>
			<version>2.0</version>
			<type>jar</type>
			<url>http://java.sun.com/products/jsp</url>
			<properties>
				<war.bundle>false</war.bundle>
			</properties>
		</dependency>
		<dependency>
			<groupId>javax.activation</groupId>
			<artifactId>activation</artifactId>
			<version>1.1</version>
			<properties>
    			<war.bundle>true</war.bundle>
			</properties>
		</dependency>
		<dependency>
			<groupId>javax.mail</groupId>
			<artifactId>mail</artifactId>
			<version>1.4</version>
			<properties>
    			<war.bundle>true</war.bundle>
			</properties>
		</dependency>
        <dependency>
            <groupId>jasperreports</groupId>
            <artifactId>jasperreports</artifactId>
            <version>1.0.2</version>
            <type>jar</type>
            <properties>
                <war.bundle>true</war.bundle>
            </properties>
        </dependency>
		<!-- WEB common dependencies -->
		<dependency>
			<groupId>canigo</groupId>
			<artifactId>canigo-services-core</artifactId>
			<version>2.1</version>
			<properties>
				<war.bundle>true</war.bundle>
			</properties>
		</dependency>
		<dependency>
			<groupId>canigo</groupId>
			<artifactId>canigo-services-ole</artifactId>
			<version>2.1</version>
			<properties>
				<war.bundle>true</war.bundle>
			</properties>
		</dependency>
		<dependency>
			<groupId>canigo</groupId>
			<artifactId>canigo-services-reporting</artifactId>
			<version>2.1</version>
			<properties>
				<war.bundle>true</war.bundle>
			</properties>
		</dependency>
		<dependency>
			<groupId>canigo</groupId>
			<artifactId>canigo-services-xml</artifactId>
			<version>2.1</version>
			<properties>
				<war.bundle>true</war.bundle>
			</properties>
		</dependency>
		<dependency>
			<groupId>canigo</groupId>
			<artifactId>canigo-services-mailing</artifactId>
			<version>2.1</version>
			<properties>
				<war.bundle>true</war.bundle>
			</properties>
		</dependency>
		<dependency>
			<groupId>canigo</groupId>
			<artifactId>canigo-services-scheduler</artifactId>
			<version>2.1</version>
			<properties>
				<war.bundle>true</war.bundle>
			</properties>
		</dependency>
		<dependency>
			<groupId>canigo</groupId>
			<artifactId>canigo-services-fileupload</artifactId>
			<version>2.1</version>
			<properties>
				<war.bundle>true</war.bundle>
			</properties>
		</dependency>
		<dependency>
			<groupId>canigo</groupId>
			<artifactId>canigo-services-file</artifactId>
			<version>2.1</version>
			<properties>
				<war.bundle>true</war.bundle>
			</properties>
		</dependency>
		<dependency>
			<groupId>canigo</groupId>
			<artifactId>canigo-services-i18n</artifactId>
			<version>2.1</version>
			<properties>
				<war.bundle>true</war.bundle>
			</properties>
		</dependency>
		<dependency>
			<groupId>canigo</groupId>
			<artifactId>canigo-services-configuration</artifactId>
			<version>2.1</version>
			<properties>
				<war.bundle>true</war.bundle>
			</properties>
		</dependency>
		<dependency>
			<groupId>canigo</groupId>
			<artifactId>canigo-services-persistence</artifactId>
			<version>2.1</version>
			<type>jar</type>
			<properties>
				<war.bundle>true</war.bundle>
			</properties>
		</dependency>
		<dependency>
			<groupId>canigo</groupId>
			<artifactId>canigo-services-logging</artifactId>
			<version>2.1</version>
			<type>jar</type>
			<properties>
				<war.bundle>true</war.bundle>
			</properties>
		</dependency>
		<dependency>
			<groupId>canigo</groupId>
			<artifactId>canigo-services-exceptions</artifactId>
			<version>2.1</version>
			<type>jar</type>
			<properties>
				<war.bundle>true</war.bundle>
			</properties>
		</dependency>
		<dependency>
			<groupId>canigo</groupId>
			<artifactId>canigo-services-security</artifactId>
			<version>2.1</version>
			<type>jar</type>
			<properties>
				<war.bundle>true</war.bundle>
			</properties>
		</dependency>
		<dependency>
			<groupId>canigo</groupId>
			<artifactId>canigo-services-validation</artifactId>
			<version>2.1</version>
			<type>jar</type>
			<properties>
				<war.bundle>true</war.bundle>
			</properties>
		</dependency>
		<dependency>
			<groupId>canigo</groupId>
			<artifactId>canigo-services-web</artifactId>
			<version>2.1</version>
			<properties>
				<jar.manifest.classpath>true</jar.manifest.classpath>
				<war.bundle>true</war.bundle>
			</properties>
		</dependency>
		
		<dependency>
			<groupId>canigo</groupId>
			<artifactId>canigo-services-webservices</artifactId>
			<version>2.1</version>
			<properties>
				<war.bundle>true</war.bundle>
			</properties>
		</dependency>
		
		

		<!--  Dependencies COMMONS -->

		<dependency>
			<groupId>commons-beanutils</groupId>
			<artifactId>commons-beanutils-core</artifactId>
			<version>1.7.0</version>
			<type>jar</type>
			<properties>
				<war.bundle>true</war.bundle>
			</properties>
		</dependency>
		<dependency>
			<groupId>commons-collections</groupId>
			<artifactId>commons-collections</artifactId>
			<version>3.1</version>
			<type>jar</type>
			<properties>
				<war.bundle>true</war.bundle>
			</properties>
		</dependency>

		<dependency>
			<groupId>commons-digester</groupId>
			<artifactId>commons-digester</artifactId>
			<version>1.7</version>
			<type>jar</type>
			<properties>
				<jar.manifest.classpath>true</jar.manifest.classpath>
				<war.bundle>true</war.bundle>
			</properties>
		</dependency>

		<dependency>
			<groupId>commons-io</groupId>
			<artifactId>commons-io</artifactId>
			<version>1.1</version>
			<properties>
				<war.bundle>true</war.bundle>
			</properties>
		</dependency>

		<dependency>
			<groupId>commons-validator</groupId>
			<artifactId>commons-validator</artifactId>
			<version>1.3.0</version>
			<type>jar</type>
			<properties>
				<war.bundle>true</war.bundle>
			</properties>
		</dependency>
		<dependency>
			<groupId>commons-lang</groupId>
			<artifactId>commons-lang</artifactId>
			<version>2.1</version>
			<type>jar</type>
			<properties>
				<war.bundle>true</war.bundle>
			</properties>
			<url>http://jakarta.apache.org/commons</url>
		</dependency>
		<dependency>
			<groupId>commons-codec</groupId>
			<artifactId>commons-codec</artifactId>
			<version>1.3</version>
			<type>jar</type>
			<url>http://jakarta.apache.org/commons</url>
			<properties>
				<war.bundle>true</war.bundle>
			</properties>
		</dependency>

		<!--  Dependencies for Struts -->
		<dependency>
			<groupId>struts</groupId>
			<artifactId>struts</artifactId>
			<version>1.2.7</version>
			<type>jar</type>
			<properties>
				<jar.manifest.classpath>true</jar.manifest.classpath>
				<war.bundle>true</war.bundle>
			</properties>
		</dependency>

		<dependency>
			<groupId>struts-layout</groupId>
			<artifactId>struts-layout</artifactId>
			<version>1.2_20051027</version>
			<type>jar</type>
			<properties>
				<jar.manifest.classpath>true</jar.manifest.classpath>
				<war.bundle>true</war.bundle>
			</properties>
		</dependency>
		<dependency>
			<groupId>struts-menu</groupId>
			<artifactId>struts-menu</artifactId>
			<version>2.3</version>
			<type>jar</type>
			<properties>
				<war.bundle>true</war.bundle>
			</properties>
		</dependency>
		<dependency>
			<groupId>value-list</groupId>
			<artifactId>valuelist</artifactId>
			<version>0.1.7</version>
			<type>jar</type>
			<properties>
				<jar.manifest.classpath>true</jar.manifest.classpath>
				<war.bundle>true</war.bundle>
			</properties>
		</dependency>



		<!-- this dependency comes from canigo-security-->
		<dependency>
			<groupId>acegisecurity</groupId>
			<artifactId>acegi-security</artifactId>
			<version>0.8.3</version>
			<type>jar</type>
			<properties>
				<war.bundle>true</war.bundle>
			</properties>
		</dependency>
		<dependency>
			<groupId>oro</groupId>
			<artifactId>oro</artifactId>
			<version>2.0.8</version>
			<type>jar</type>
			<properties>
				<war.bundle>true</war.bundle>
			</properties>
			<url>http://jakarta.apache.org/oro/</url>
		</dependency>

		<!-- this dependency comes from canigo-exceptions-->
		<dependency>
			<groupId>dom4j</groupId>
			<artifactId>dom4j</artifactId>
			<version>1.6.1</version>
			<type>jar</type>
			<properties>
				<war.bundle>true</war.bundle>
			</properties>
		</dependency>
		<dependency>
			<groupId>springmodules</groupId>
			<artifactId>springmodules-validator</artifactId>
			<version>0.4</version>
			<type>jar</type>
			<properties>
				<war.bundle>true</war.bundle>
			</properties>
		</dependency>

		<!--  Dependencies for hibernate -->
		<dependency>
			<groupId>hibernate</groupId>
			<artifactId>hibernate</artifactId>
			<version>3.0.5</version>
			<type>jar</type>
			<properties>
				<war.bundle>true</war.bundle>
			</properties>
		</dependency>
		<dependency>
			<groupId>javax.transaction</groupId>
			<artifactId>jta</artifactId>
			<version>1.0.1B</version>
			<type>jar</type>
			<properties>
				<war.bundle>true</war.bundle>
			</properties>
		</dependency>
		<dependency>
			<groupId>ehcache</groupId>
			<artifactId>ehcache</artifactId>
			<version>1.2.4</version>
			<type>jar</type>
			<properties>
				<war.bundle>true</war.bundle>
			</properties>
		</dependency>
		<dependency>
			<groupId>cglib</groupId>
			<artifactId>cglib-nodep</artifactId>
			<version>2.1_2</version>
			<type>jar</type>
			<properties>
				<war.bundle>true</war.bundle>
			</properties>
		</dependency>
		<dependency>
			<groupId>asm</groupId>
			<artifactId>asm</artifactId>
			<version>1.5.3</version>
			<type>jar</type>
			<properties>
				<war.bundle>true</war.bundle>
			</properties>
		</dependency>
		<dependency>
			<groupId>easymock</groupId>
			<artifactId>easymock</artifactId>
			<version>1.1</version>
			<type>jar</type>
			<properties>
				<war.bundle>false</war.bundle>
			</properties>
		</dependency>
		<dependency>
			<groupId>antlr</groupId>
			<artifactId>antlr</artifactId>
			<version>2.7.5</version>
			<type>jar</type>
			<properties>
				<war.bundle>true</war.bundle>
			</properties>
		</dependency>



		<dependency>
			<groupId>itext</groupId>
			<artifactId>itext</artifactId>
			<version>1.3.1</version>
			<type>jar</type>
			<properties>
				<war.bundle>true</war.bundle>
			</properties>
		</dependency>
		
		<!--  Dependency for ASPECTWERKZ -->
		<dependency>
			<groupId>aspectwerkz</groupId>
			<artifactId>aspectwerkz</artifactId>
			<version>2.0</version>
			<type>jar</type>
			<properties>
				<jar.manifest.classpath>true</jar.manifest.classpath>
				<war.bundle>true</war.bundle>
			</properties>
		</dependency>
		<dependency>
			<groupId>aspectwerkz</groupId>
			<artifactId>aspectwerkz-jdk14</artifactId>
			<version>2.0</version>
			<type>jar</type>
			<properties>
				<jar.manifest.classpath>true</jar.manifest.classpath>
				<war.bundle>true</war.bundle>
			</properties>
		</dependency>
		<dependency>
			<groupId>aspectwerkz</groupId>
			<artifactId>aspectwerkz-core</artifactId>
			<version>2.0</version>
			<type>jar</type>
			<properties>
				<jar.manifest.classpath>true</jar.manifest.classpath>
				<war.bundle>true</war.bundle>
			</properties>
		</dependency>
		<dependency>
			<groupId>aspectwerkz</groupId>
			<artifactId>aspectwerkz-extensions</artifactId>
			<version>2.0</version>
			<type>jar</type>
			<properties>
				<jar.manifest.classpath>true</jar.manifest.classpath>
				<war.bundle>true</war.bundle>
			</properties>
		</dependency>
		<dependency>
			<groupId>trove</groupId>
			<artifactId>trove</artifactId>
			<version>1.0.2</version>
			<type>jar</type>
			<properties>
				<jar.manifest.classpath>true</jar.manifest.classpath>
				<war.bundle>true</war.bundle>
			</properties>
		</dependency>
		<!-- dependency>
			<groupId>aspectwerkz</groupId>
			<artifactId>wlwaop</artifactId>
			<version>${version.wlwaop}</version>
			<type>jar</type>
			<properties>
				<jar.manifest.classpath>true</jar.manifest.classpath>
				<war.bundle>true</war.bundle>
			</properties>
		</dependency-->

		<dependency>
			<groupId>jrexx</groupId>
			<artifactId>jrexx</artifactId>
			<version>1.1.1</version>
			<type>jar</type>
			<properties>
				<jar.manifest.classpath>true</jar.manifest.classpath>
				<war.bundle>true</war.bundle>
			</properties>
		</dependency>
		


		<!--  Dependency for ajax tags -->
		<dependency>
			<groupId>ajaxtags</groupId>
			<artifactId>ajaxtags</artifactId>
			<version>1.1</version>
			<properties>
				<jar.manifest.classpath>true</jar.manifest.classpath>
				<war.bundle>true</war.bundle>
			</properties>
		</dependency>

		<!--  Dependencies for dwr -->
		<dependency>
			<groupId>dwr</groupId>
			<artifactId>dwr</artifactId>
			<version>1.1.3</version>
			<properties>
				<jar.manifest.classpath>true</jar.manifest.classpath>
				<war.bundle>true</war.bundle>
			</properties>
		</dependency>
		<dependency>
			<groupId>bsf</groupId>
			<artifactId>bsf</artifactId>
			<version>2.3.0</version>
			<properties>
				<jar.manifest.classpath>true</jar.manifest.classpath>
				<war.bundle>true</war.bundle>
			</properties>
		</dependency>
		<dependency>
			<groupId>jdom</groupId>
			<artifactId>jdom</artifactId>
			<version>1.0</version>
			<properties>
				<jar.manifest.classpath>true</jar.manifest.classpath>
				<war.bundle>true</war.bundle>
			</properties>
		</dependency>
		<dependency>
			<groupId>poi</groupId>
			<artifactId>poi</artifactId>
			<version>${version.poi}</version>
			<properties>
				<war.bundle>true</war.bundle>
			</properties>
		</dependency>
		<dependency>
			<groupId>poi</groupId>
			<artifactId>poi-scratchpad</artifactId>
			<version>${version.poiscratchpad}</version>
			<properties>
				<war.bundle>true</war.bundle>
			</properties>
		</dependency>
		<!--  End of Dependencies for dwr -->

	<!-- TAGLIBS dependencies -->
		<dependency>
			<groupId>jstl</groupId>
			<artifactId>jstl</artifactId>
			<version>${version.jstl}</version>
			<type>jar</type>
			<properties>
				<war.bundle>true</war.bundle>
			</properties>
		</dependency>
		<dependency>
			<groupId>taglibs</groupId>
			<artifactId>standard</artifactId>
			<version>${version.taglibs}</version>
			<type>jar</type>
			<properties>
				<war.bundle>true</war.bundle>
			</properties>
		</dependency>


		<!-- TESTS dependencies -->

		<!-- JWebUnit Dependencies -->
		<dependency>
			<groupId>jwebunit</groupId>
			<artifactId>jwebunit</artifactId>
			<version>${version.jwebunit}</version>
			<properties>
				<war.bundle>false</war.bundle>
			</properties>
		</dependency>
		<dependency>
			<groupId>httpunit</groupId>
			<artifactId>httpunit</artifactId>
			<version>${version.httpunit}</version>
			<properties>
				<war.bundle>false</war.bundle>
			</properties>
		</dependency>
		<dependency>
			<groupId>nekohtml</groupId>
			<artifactId>nekohtml</artifactId>
			<version>${version.nekohtml}</version>
			<properties>
				<war.bundle>false</war.bundle>
			</properties>
		</dependency>
		<dependency>
			<groupId>rhino</groupId>
			<artifactId>js</artifactId>
			<version>${version.rhino}</version>
			<properties>
				<war.bundle>false</war.bundle>
			</properties>
		</dependency>
		<dependency>
			<groupId>xerces</groupId>
			<artifactId>xercesImpl</artifactId>
			<version>${version.xerces}</version>
			<properties>
				<war.bundle>false</war.bundle>
			</properties>
		</dependency>
		<dependency>
			<groupId>xml-apis</groupId>
			<artifactId>xml-apis</artifactId>
			<version>${version.xmlapis}</version>
			<properties>
				<war.bundle>false</war.bundle>
			</properties>
		</dependency>
		<dependency>
			<groupId>xstream</groupId>
			<artifactId>xstream</artifactId>
			<version>${version.xstream}</version>
			<properties>
				<war.bundle>true</war.bundle>
			</properties>
		</dependency>
		
		<dependency>
			<groupId>org.springframework</groupId>
			<artifactId>spring-mock</artifactId>
			<version>${version.spring}</version>
		</dependency>
		
		<dependency>
			<groupId>jmock</groupId>
			<artifactId>jmock</artifactId>
			<version>${version.jmock}</version>
		</dependency>
		<dependency>
			<groupId>jmock</groupId>
			<artifactId>jmock-cglib</artifactId>
			<version>${version.jmock}</version>
		</dependency>
		
		<!-- External samples dependency -->
		<!-- dependency>
			<groupId>canigo-samples-geo</groupId>
			<artifactId>canigo-samples-geo</artifactId>
			<version>1.0</version>
			<properties>
				<war.bundle>true</war.bundle>
			</properties>
			
		</dependency-->
		
		
		<dependency>
	      <groupId>yom</groupId>
	      <artifactId>yom</artifactId>
	      <version>1.0-alpha-2</version>
	      <properties>
				<war.bundle>true</war.bundle>
			</properties>
	    </dependency>
		
		
		<!-- ******************  DEPENDENCIES FOR WEBSERVICES ************************* -->
		<dependency>
			<groupId>commons-logging</groupId>
			<artifactId>commons-logging</artifactId>
			<version>1.0.4</version>
			<type>jar</type>
			<url>http://jakarta.apache.org/commons</url>
			<properties>
				<war.bundle>true</war.bundle>
			</properties>
		</dependency>
		
		<dependency>
			<groupId>xerces</groupId>
			<artifactId>xercesImpl</artifactId>
			<version>2.7.1</version>
			<properties>
				<war.bundle>true</war.bundle>
			</properties>
		</dependency>
		
		<dependency>
			<groupId>xml-apis</groupId>
			<artifactId>xml-apis</artifactId>
			<version>1.3.02</version>
			<properties>
				<war.bundle>true</war.bundle>
			</properties>
		</dependency>
		
		<!-- Jaxrpc no available in ibiblio -->
		<dependency>
			<groupId>jaxrpc</groupId>
			<artifactId>jaxrpc</artifactId>
			<version>1.0</version>
			<properties>
				<war.bundle>true</war.bundle>
			</properties>
		</dependency>	
		
		<dependency>
			<groupId>axis</groupId>
			<artifactId>axis</artifactId>
			<version>1.3</version>
			<properties>
				<war.bundle>true</war.bundle>
			</properties>
		</dependency>		


		<dependency>
			<groupId>commons-discovery</groupId>
			<artifactId>commons-discovery</artifactId>
			<version>0.2</version>
			<properties>
				<war.bundle>true</war.bundle>
			</properties>
		</dependency>		
		
		<!-- Not available in ibiblio -->
		<dependency>
			<groupId>saaj</groupId>
			<artifactId>saaj</artifactId>
			<version>1.0</version>
			<properties>
				<war.bundle>true</war.bundle>
			</properties>
		</dependency>	

		<dependency>
	      <groupId>xfire</groupId>
	      <artifactId>xfire-all</artifactId>	      
	      <version>1.0-M5</version>
	      <url>http://xfire.codehaus.org</url>
	      <properties>
				<war.bundle>true</war.bundle>
			</properties>
	    </dependency>

		<!-- XMLStream,... -->
    	<dependency>
	      <groupId>stax</groupId>
	      <artifactId>stax-api</artifactId>
	      <version>1.0</version>
	      <properties>
				<war.bundle>true</war.bundle>
			</properties>
	    </dependency>

	 	<dependency>
	      <groupId>wsdl4j</groupId>
	      <artifactId>wsdl4j</artifactId>
	      <version>1.4</version>
	      <properties>
				<war.bundle>true</war.bundle>
			</properties>
	    </dependency>  	       


		<dependency>
	      <groupId>woodstox</groupId>
	      <artifactId>wstx-asl</artifactId>
	      <version>2.9.1</version>
	      <properties>
				<war.bundle>true</war.bundle>
			</properties>
	    </dependency>

	    <dependency>
	      <groupId>jaxen</groupId>
	      <artifactId>jaxen</artifactId>
	      <version>1.1</version>
	      <properties>
				<war.bundle>true</war.bundle>
			</properties>
	    </dependency>
	    
		<dependency>
			<groupId>htmlparser</groupId>
			<artifactId>htmlparser</artifactId>
			<version>${version.htmlparser}</version>
			<type>jar</type>
			<properties>
				<war.bundle>true</war.bundle>
			</properties>
		</dependency>		    
	    


		<dependency>
			<groupId>ognl</groupId>
			<artifactId>ognl</artifactId>
			<version>${version.ognl}</version>
			<type>jar</type>
			<properties>
				<war.bundle>true</war.bundle>
			</properties>
		</dependency>
		
		<dependency>
            <groupId>urlrewrite</groupId>
            <artifactId>urlrewrite</artifactId>
            <version>${version.urlrewrite}</version>
            <type>jar</type>
            <properties>
                <war.bundle>true</war.bundle>
            </properties>
        </dependency>		

		<!-- ****************** END OF DEPENDENCIES FOR WEBSERVICES ************************* -->		
    </dependencies>
</project>

